Employee_ID,Age,Experience_Years,Department,Salary,Training_Hours,Attendance_Percentage,Projects_Completed,Overtime_Hours,Performance
1,50,29,Marketing,142225,19,96,4,44,Low
2,36,28,Marketing,30503,28,50,18,48,Medium
3,29,28,Marketing,104761,23,93,7,26,Low
4,42,29,IT,56976,81,84,1,38,Low
5,40,15,HR,146439,62,60,13,39,Medium
6,44,18,Marketing,31590,73,83,6,12,Medium
7,32,17,Marketing,143421,56,65,6,22,Low
8,32,0,IT,30886,7,58,12,58,Low
9,45,13,IT,32866,89,81,8,15,Medium
10,57,1,Marketing,86624,61,64,19,29,Medium
11,45,27,Sales,88899,28,61,5,3,Low
12,24,29,Marketing,52792,73,82,18,39,Medium
13,43,3,Marketing,29764,16,94,5,15,Low
14,23,0,IT,140832,65,63,10,30,Low
15,45,7,IT,145838,5,57,1,52,Low
16,51,28,Marketing,140356,57,57,10,41,Low
17,59,2,Marketing,106156,68,76,5,24,Low
18,23,31,Marketing,62727,27,61,12,43,Low
19,42,9,IT,98471,61,50,7,11,Low
20,54,9,Marketing,28068,40,92,9,25,Medium
21,33,18,Marketing,136923,68,89,12,36,Medium
22,43,33,Finance,27295,81,91,1,47,Low
23,46,32,Sales,61160,89,60,11,32,Medium
24,48,22,HR,31390,83,88,15,27,Medium
25,49,27,Sales,126752,40,92,2,8,Low
26,37,31,Finance,40131,48,80,7,11,Medium
27,36,6,HR,114754,90,66,12,4,Medium
28,24,28,Marketing,95969,48,82,18,53,Medium
29,58,7,Finance,35038,75,81,3,51,Low
30,28,0,Marketing,72327,70,78,7,53,Low
31,42,2,IT,113718,2,70,11,27,Low
32,30,23,Finance,97064,9,70,18,55,Medium
33,39,22,IT,41281,97,89,12,34,Medium
34,25,7,Finance,74189,88,72,6,4,Medium
35,46,2,Finance,68511,34,55,5,33,Low
36,35,32,IT,142115,79,71,1,45,Low
37,30,27,HR,28605,1,99,12,33,Medium
38,47,7,Sales,120318,23,87,11,12,Medium
39,23,33,Marketing,21381,73,86,4,38,Low
40,41,34,Finance,86634,37,94,18,41,Medium
41,49,31,Marketing,39810,21,57,4,44,Low
42,28,23,IT,138343,25,90,17,47,Medium
43,29,13,Marketing,44322,42,98,2,57,Low
44,56,31,IT,61869,54,84,2,13,Low
45,35,15,Marketing,52955,38,60,12,10,Medium
46,38,3,Sales,81388,90,73,6,41,Low
47,57,20,Sales,130252,28,98,10,37,Medium
48,25,13,Sales,30207,19,70,16,3,Medium
49,23,30,Sales,107329,90,51,14,52,Medium
50,27,17,Sales,87628,40,89,7,32,Low
51,25,6,Sales,48220,53,68,19,6,Medium
52,50,9,IT,104050,19,88,17,55,Medium
53,39,6,Finance,123546,18,77,9,40,Low
54,47,32,Marketing,94085,83,66,13,7,Medium
55,55,22,Sales,42031,98,55,5,36,Low
56,31,20,IT,90721,65,68,5,50,Low
57,57,18,IT,100807,29,87,10,9,Medium
58,35,18,IT,91312,52,77,10,42,Medium
59,52,28,Finance,79766,33,51,7,56,Low
60,36,17,Marketing,32449,21,87,15,14,Medium
61,29,1,Finance,109833,66,86,7,37,Low
62,35,0,HR,76699,5,53,15,14,Low
63,44,4,IT,126127,78,71,3,4,Low
64,42,19,HR,101253,26,75,19,28,Medium
65,37,10,Sales,125659,9,98,10,18,Low
66,39,1,Sales,124769,72,92,15,53,Medium
67,45,2,Finance,131041,96,85,3,50,Low
68,47,22,Marketing,136185,95,62,6,9,Medium
69,46,11,HR,66092,47,81,12,11,Medium
70,50,19,Marketing,83671,69,66,15,53,Medium
71,36,4,Finance,30350,58,90,6,3,Medium
72,22,29,Sales,116158,99,85,13,30,Medium
73,46,8,Marketing,120859,58,95,19,17,High
74,28,33,Marketing,140097,1,68,3,15,Low
75,30,34,Sales,145222,28,84,8,39,Low
76,45,21,HR,88487,67,95,8,35,Medium
77,22,23,Sales,37622,64,89,15,24,Medium
78,29,16,Marketing,143853,82,77,4,22,Low
79,45,9,HR,90263,25,50,19,11,Medium
80,32,29,HR,73117,88,91,3,33,Low
81,38,22,Sales,123990,9,67,13,35,Low
82,29,31,Marketing,78394,52,97,8,36,Medium
83,56,16,Finance,122005,78,89,16,2,High
84,56,16,Marketing,121084,58,82,13,8,Medium
85,54,13,IT,43782,21,61,3,52,Low
86,26,8,Finance,136276,50,57,16,17,Medium
87,49,1,HR,48454,47,73,9,42,Low
88,28,24,Finance,87904,20,65,14,34,Medium
89,30,8,HR,149936,21,99,13,56,Medium
90,29,21,HR,35592,99,53,7,54,Low
91,33,3,Finance,42173,97,87,15,33,Medium
92,55,25,HR,53204,29,93,7,40,Low
93,54,28,HR,55596,24,76,6,13,Low
94,44,33,IT,54324,27,58,2,3,Low
95,45,22,Marketing,142258,64,96,9,28,Medium
96,58,10,Marketing,131668,44,65,17,40,Medium
97,56,5,IT,81202,67,61,5,44,Low
98,43,17,Finance,109400,6,80,12,49,Low
99,48,20,Sales,144184,48,73,1,14,Low
100,56,33,Sales,133365,8,63,10,27,Low
101,22,16,Sales,50750,35,94,11,41,Medium
102,56,24,IT,96112,82,74,16,15,Medium
103,58,11,IT,36566,0,83,14,11,Medium
104,35,22,HR,27190,9,52,8,51,Low
105,24,21,Sales,108607,35,73,17,4,Medium
106,22,20,Finance,58333,72,91,18,33,High
107,26,26,Finance,141929,45,58,12,41,Low
108,47,30,Sales,100905,31,75,17,0,Medium
109,35,5,Sales,109571,31,69,14,38,Medium
110,48,26,Sales,140263,5,89,16,31,Medium
111,30,33,IT,21589,47,59,14,25,Medium
112,36,11,IT,144467,37,68,9,16,Low
113,36,6,IT,45235,16,52,4,47,Low
114,47,9,Marketing,20159,73,73,11,58,Medium
115,34,16,Finance,32145,26,54,6,26,Low
116,53,25,Finance,100909,53,52,15,23,Medium
117,53,20,HR,51921,49,76,5,34,Low
118,25,27,IT,124859,34,65,11,45,Low
119,51,1,Marketing,36237,84,98,18,41,High
120,58,0,Marketing,127507,24,64,13,53,Low
121,44,25,Finance,28244,27,84,11,38,Medium
122,36,28,IT,34743,14,61,14,25,Medium
123,50,20,HR,117102,3,90,18,48,Medium
124,57,10,IT,66101,92,93,19,37,High
125,34,10,Sales,131645,72,75,15,22,Medium
126,53,34,IT,141534,26,96,9,21,Medium
127,28,33,Sales,104227,25,83,8,3,Low
128,43,23,Sales,119532,18,72,1,48,Low
129,49,21,HR,76378,91,80,4,58,Low
130,23,4,Finance,91126,16,99,14,8,Medium
131,27,32,IT,76071,42,69,2,3,Low
132,49,19,Sales,91121,40,61,16,6,Medium
133,49,18,IT,94763,41,72,3,22,Low
134,41,34,Finance,113814,49,53,8,1,Low
135,51,16,Finance,124350,83,72,6,48,Low
136,32,33,Marketing,32237,39,97,16,23,Medium
137,49,8,Finance,35649,38,97,16,39,Medium
138,46,25,HR,57713,22,50,7,54,Low
139,54,1,Sales,93463,95,74,13,30,Medium
140,22,8,Marketing,65409,51,51,13,46,Low
141,48,8,HR,68766,46,79,5,30,Low
142,34,16,IT,66154,62,52,18,46,Medium
143,24,0,Sales,27016,96,70,15,39,Medium
144,27,24,Finance,99563,68,74,18,47,Medium
145,29,24,Sales,68688,42,69,2,50,Low
146,48,34,IT,109678,47,98,10,42,Medium
147,30,2,Marketing,132056,33,71,13,33,Medium
148,58,29,Marketing,74238,39,70,18,54,Medium
149,54,33,Marketing,78608,74,82,15,23,Medium
150,45,11,Finance,109081,60,87,12,48,Medium
151,36,18,HR,136572,49,64,15,59,Medium
152,53,16,HR,51897,66,95,13,25,Medium
153,53,9,Sales,70961,61,64,18,15,Medium
154,45,11,Finance,88703,57,95,15,56,Medium
155,33,15,Marketing,64757,32,74,11,46,Low
156,23,23,Marketing,46917,74,70,19,12,High
157,24,18,IT,42736,15,73,3,14,Low
158,58,7,IT,47990,81,54,7,26,Low
159,38,30,Marketing,82551,93,55,14,3,Medium
160,23,20,Marketing,78161,47,98,14,15,Medium
161,23,16,Finance,99623,9,92,13,29,Medium
162,49,22,HR,42440,81,97,12,43,Medium
163,44,15,IT,55205,37,93,9,29,Medium
164,58,5,HR,141156,18,96,1,35,Low
165,53,7,Finance,100811,35,72,19,2,Medium
166,54,24,Marketing,143768,58,53,11,21,Medium
167,22,17,HR,75103,62,76,19,48,Medium
168,40,24,Marketing,90812,76,67,18,21,Medium
169,23,11,Marketing,61627,45,70,12,49,Low
170,47,14,Sales,126122,2,77,1,56,Low
171,53,25,HR,123032,73,84,19,49,Medium
172,27,25,HR,39008,64,71,17,54,Medium
173,53,31,Marketing,91274,90,89,5,59,Low
174,25,9,Finance,52402,7,72,3,48,Low
175,32,15,Sales,73384,50,52,2,11,Low
176,38,6,Marketing,148922,80,89,3,54,Low
177,59,16,IT,25793,72,99,8,20,Medium
178,45,22,IT,122827,5,59,16,55,Low
179,26,25,Sales,25571,88,74,6,3,Medium
180,55,20,Finance,116867,38,98,13,30,Medium
181,27,21,Marketing,36209,59,57,16,43,Medium
182,43,6,HR,133550,27,60,16,30,Medium
183,32,13,Sales,110930,96,54,3,57,Low
184,37,14,Finance,63148,53,94,13,22,Medium
185,54,6,HR,111218,36,86,14,53,Medium
186,30,8,IT,22224,8,94,8,52,Low
187,27,7,IT,126693,81,87,12,19,Medium
188,37,22,HR,145551,55,78,8,14,Medium
189,50,28,Sales,68695,58,54,9,22,Low
190,24,17,IT,140779,84,58,1,27,Low
191,41,30,Marketing,149714,1,97,6,15,Low
192,57,29,HR,129988,60,51,19,36,Medium
193,40,34,HR,128944,57,50,11,20,Medium
194,47,17,IT,52441,59,89,11,14,Medium
195,24,16,Sales,126966,39,79,13,16,Medium
196,40,13,Marketing,59129,35,60,11,49,Low
197,41,30,Sales,120252,36,77,18,36,Medium
198,53,23,Finance,82368,78,93,15,12,Medium
199,28,34,Finance,130395,91,61,1,18,Low
200,54,33,IT,112122,17,88,7,29,Low
201,39,2,IT,64760,97,75,13,44,Medium
202,22,25,IT,149655,62,62,12,17,Medium
203,32,22,Finance,43478,21,57,18,13,Medium
204,49,14,Sales,147881,10,77,19,35,Medium
205,46,3,Sales,91854,57,79,15,35,Medium
206,44,28,IT,114230,56,58,8,19,Low
207,52,21,Marketing,105716,76,88,19,51,Medium
208,51,24,Sales,32180,3,80,10,18,Low
209,56,12,Finance,118538,85,70,7,44,Low
210,28,17,HR,35372,6,96,18,43,Medium
211,37,32,HR,49796,60,83,16,6,Medium
212,47,15,HR,78272,53,80,6,56,Low
213,23,1,Marketing,138295,87,74,9,43,Medium
214,22,34,IT,109963,67,61,13,52,Medium
215,33,33,Finance,118826,91,50,8,3,Medium
216,26,29,Marketing,140592,78,71,16,58,Medium
217,58,12,Finance,113635,0,89,13,33,Low
218,53,12,Finance,131022,54,86,13,1,Medium
219,30,17,IT,74040,2,96,17,4,Medium
220,56,31,HR,95357,77,50,5,54,Low
221,40,31,IT,91368,37,50,17,9,Medium
222,37,34,Marketing,98356,0,91,9,31,Low
223,24,28,Marketing,36211,37,91,2,41,Low
224,41,28,Marketing,125426,84,70,18,40,Medium
225,45,15,IT,25842,28,64,9,12,Low
226,54,9,Finance,83115,4,66,6,38,Low
227,45,29,Finance,86852,73,71,11,4,Medium
228,32,24,Sales,145737,91,87,6,57,Medium
229,29,19,Marketing,65968,20,84,6,9,Low
230,57,4,Finance,37508,70,94,13,9,Medium
231,59,0,Sales,42005,66,65,11,37,Medium
232,41,29,Finance,74575,46,57,14,26,Medium
233,56,2,Marketing,100742,83,96,2,59,Low
234,46,13,HR,38971,82,66,8,50,Low
235,56,29,Marketing,45599,34,66,3,20,Low
236,46,3,IT,107592,67,75,3,7,Low
237,50,17,Finance,86914,68,62,1,0,Low
238,39,24,Finance,138062,0,66,19,27,Medium
239,39,0,IT,87055,67,87,18,48,Medium
240,23,14,IT,107697,11,66,17,38,Medium
241,56,8,HR,126239,59,97,13,13,Medium
242,37,14,Finance,124397,26,63,3,20,Low
243,57,23,Finance,143106,55,94,1,29,Low
244,54,3,HR,25355,22,55,4,20,Low
245,25,11,Sales,74120,24,84,13,48,Medium
246,54,5,HR,94619,20,95,17,8,Medium
247,35,23,Marketing,58342,60,63,11,16,Medium
248,42,10,Finance,105992,62,96,2,4,Low
249,41,12,IT,98860,51,57,16,57,Medium
250,29,33,Marketing,22257,87,64,2,56,Low
251,28,24,Finance,47364,24,76,19,30,Medium
252,24,6,HR,44972,54,62,19,51,Medium
253,38,3,Marketing,131715,45,98,16,39,Medium
254,54,7,Finance,46654,31,80,19,37,Medium
255,33,19,Sales,100769,54,84,9,42,Medium
256,43,28,Sales,101423,95,55,1,18,Low
257,43,9,IT,49320,4,54,10,35,Low
258,51,33,Finance,40808,35,71,19,49,Medium
259,59,25,Sales,72389,48,98,1,32,Low
260,59,2,HR,115690,57,72,2,12,Low
261,29,5,Finance,138581,38,74,16,13,Medium
262,48,4,HR,147927,79,83,12,55,Medium
263,48,4,HR,54773,96,75,8,32,Medium
264,55,22,Sales,71168,84,96,18,28,High
265,42,8,Finance,47747,60,54,2,42,Low
266,51,34,Marketing,96396,8,75,13,48,Low
267,54,19,Sales,128374,5,69,6,35,Low
268,49,34,Sales,127692,34,55,6,57,Low
269,54,17,Finance,103692,38,55,9,43,Low
270,26,16,Finance,77505,21,99,16,9,Medium
271,40,23,HR,105896,40,67,11,30,Low
272,25,2,Finance,38135,4,53,7,5,Low
273,56,31,HR,110887,41,66,10,56,Low
274,38,34,Sales,142118,86,63,10,0,Medium
275,49,12,IT,116035,80,63,18,6,Medium
276,51,24,Marketing,67377,75,62,9,57,Low
277,50,8,Sales,43554,86,56,15,26,Medium
278,27,3,Finance,82491,79,93,4,20,Low
279,56,13,Marketing,75621,66,64,8,27,Low
280,58,33,IT,134667,29,68,9,15,Low
281,45,10,IT,78283,56,92,13,55,Medium
282,50,2,HR,105140,85,96,9,45,Medium
283,52,27,Marketing,36923,72,93,4,22,Medium
284,56,28,HR,67591,28,84,17,51,Medium
285,54,8,Sales,82261,36,66,16,19,Medium
286,42,2,Marketing,136149,86,84,15,37,Medium
287,53,24,Sales,74336,12,68,3,53,Low
288,44,33,HR,94083,31,69,5,24,Low
289,54,11,Marketing,80948,45,85,5,27,Low
290,24,8,HR,129819,22,84,15,4,Medium
291,39,14,Marketing,53002,44,81,18,55,Medium
292,46,24,HR,100098,16,97,15,20,Medium
293,52,4,IT,136236,84,93,2,17,Low
294,24,10,HR,93016,65,89,13,46,Medium
295,45,33,IT,46672,5,73,4,5,Low
296,53,23,HR,24213,17,66,10,56,Low
297,43,14,Marketing,30293,93,56,13,28,Medium
298,44,7,Marketing,119977,21,92,10,18,Medium
299,23,4,Marketing,75860,32,99,9,32,Low
300,48,25,Finance,82507,29,50,8,0,Low
301,23,17,Sales,77134,80,84,3,44,Low
302,47,5,Marketing,22100,31,81,16,2,Medium
303,38,12,IT,130153,41,85,14,41,Medium
304,54,27,Marketing,81997,77,62,9,20,Medium
305,30,4,Finance,48172,9,55,11,34,Low
306,50,12,IT,40132,35,63,3,40,Low
307,47,16,Finance,137861,33,86,5,39,Low
308,56,31,IT,38199,72,97,10,2,Medium
309,46,28,HR,56609,27,64,13,24,Medium
310,45,2,Sales,62965,10,96,4,44,Low
311,34,33,Sales,28016,77,53,13,37,Medium
312,28,26,Finance,59779,38,89,12,44,Medium
313,57,12,Sales,122797,46,65,5,54,Low
314,41,32,Finance,51881,18,77,10,19,Low
315,22,5,Finance,102594,14,65,9,51,Low
316,29,23,Finance,44472,27,53,7,43,Low
317,37,18,Sales,126882,23,94,2,44,Low
318,35,15,Finance,120462,71,75,7,33,Low
319,33,27,Sales,71813,8,77,8,20,Low
320,44,32,Finance,120368,46,81,7,55,Low
321,36,12,Marketing,146731,32,94,14,54,Medium
322,49,24,Finance,56021,61,51,19,47,Medium
323,55,26,IT,74131,96,80,5,22,Medium
324,23,6,Finance,44087,18,52,18,5,Medium
325,53,4,HR,32828,66,57,12,50,Low
326,44,30,Finance,81610,73,73,17,52,Medium
327,43,22,IT,116664,39,64,13,12,Medium
328,46,9,IT,143619,46,92,2,48,Low
329,43,31,Sales,21401,64,80,13,22,Medium
330,43,29,Marketing,105179,28,58,7,8,Low
331,27,30,Finance,35193,49,88,10,16,Medium
332,36,17,Sales,112389,97,94,6,1,Medium
333,58,1,Marketing,64864,12,51,3,18,Low
334,54,13,Finance,40307,0,57,3,18,Low
335,29,12,HR,122518,33,56,18,55,Medium
336,26,28,Finance,39611,92,93,11,6,Medium
337,25,11,IT,63791,47,88,5,53,Low
338,27,1,IT,31950,76,91,19,41,Medium
339,53,31,HR,96240,47,65,19,41,Medium
340,51,12,Sales,128647,48,84,15,58,Medium
341,56,26,Marketing,97403,63,79,16,19,Medium
342,37,16,Finance,22745,60,59,9,8,Medium
343,34,30,IT,75243,28,87,4,16,Low
344,51,33,Sales,23866,38,67,15,26,Medium
345,40,23,HR,52245,87,99,12,46,Medium
346,38,34,IT,64724,25,54,3,1,Low
347,40,5,HR,148681,16,78,14,35,Medium
348,49,18,Finance,91354,70,88,17,18,Medium
349,47,29,Marketing,71374,12,83,19,16,Medium
350,58,6,IT,134397,68,92,6,4,Medium
351,47,9,IT,137480,25,94,4,38,Low
352,44,31,Finance,144577,48,72,7,17,Low
353,30,33,Sales,50116,66,54,19,52,Medium
354,33,27,Marketing,101029,6,79,17,53,Medium
355,22,14,IT,113574,57,55,16,58,Medium
356,22,29,Marketing,40447,48,95,15,6,Medium
357,55,28,IT,50431,52,93,8,16,Medium
358,53,21,Marketing,37908,64,53,19,38,Medium
359,46,3,HR,49336,61,78,8,35,Low
360,22,19,IT,60992,16,72,18,39,Medium
361,37,31,Marketing,75350,42,55,16,44,Medium
362,26,3,Sales,89561,24,81,19,3,Medium
363,43,26,HR,137254,2,91,10,37,Low
364,50,16,HR,71955,78,67,17,24,Medium
365,24,11,Sales,81240,28,64,13,4,Medium
366,33,21,Marketing,40093,31,89,13,29,Medium
367,47,16,Finance,26155,25,81,7,11,Low
368,37,9,Sales,66607,15,58,10,3,Low
369,58,0,Marketing,53487,24,86,2,23,Low
370,43,21,Sales,133194,53,59,4,28,Low
371,50,25,Sales,75668,27,69,6,8,Low
372,35,17,IT,40963,72,55,18,3,Medium
373,49,13,Marketing,70124,55,97,6,50,Low
374,26,28,Finance,72870,64,52,17,23,Medium
375,51,11,IT,76547,92,91,14,13,Medium
376,26,34,Sales,84110,85,60,11,4,Medium
377,33,11,Sales,73554,79,92,19,17,High
378,37,6,Sales,40936,40,66,2,41,Low
379,47,28,Marketing,136895,50,81,3,56,Low
380,47,10,Marketing,24426,70,53,11,18,Medium
381,42,32,IT,108839,77,53,6,11,Low
382,57,5,Finance,130816,28,66,14,17,Medium
383,54,14,IT,47606,82,90,19,16,High
384,51,31,HR,67832,18,68,16,29,Medium
385,58,10,Sales,48151,65,54,7,23,Low
386,44,22,Sales,99303,40,81,8,10,Low
387,31,25,Sales,31308,44,71,19,34,Medium
388,26,33,IT,129781,14,55,16,22,Medium
389,57,33,IT,82522,2,84,7,16,Low
390,55,28,Sales,143523,10,71,9,0,Low
391,52,3,IT,65671,52,50,13,14,Medium
392,31,16,Marketing,110306,45,69,1,31,Low
393,40,34,Marketing,114108,29,71,8,59,Low
394,53,12,IT,126984,56,97,4,8,Low
395,22,14,Sales,22204,17,60,3,14,Low
396,26,28,IT,112769,50,62,3,27,Low
397,25,28,IT,107265,47,91,13,23,Medium
398,37,10,IT,51131,65,52,8,59,Low
399,45,31,HR,72428,95,58,7,34,Medium
400,37,1,Marketing,53870,7,61,1,21,Low
401,23,13,Finance,123547,21,72,16,26,Medium
402,49,19,Finance,124918,5,63,6,18,Low
403,53,21,HR,69067,75,82,7,44,Low
404,48,10,IT,78585,56,67,12,11,Medium
405,41,26,HR,127011,35,98,9,19,Medium
406,45,2,HR,132217,78,90,11,0,Medium
407,33,16,Sales,41607,91,58,10,20,Medium
408,56,27,Marketing,44968,56,72,1,48,Low
409,54,28,Finance,118934,48,59,18,44,Medium
410,54,20,IT,31908,44,68,4,0,Low
411,58,15,Finance,46423,81,96,5,9,Medium
412,33,19,Finance,129151,65,54,9,46,Low
413,24,5,Marketing,94707,76,96,17,58,Medium
414,22,18,Finance,98257,44,72,3,58,Low
415,54,4,Finance,146282,78,79,16,31,Medium
416,31,2,HR,81215,19,74,5,38,Low
417,50,0,Marketing,75835,63,77,16,59,Medium
418,34,14,Sales,69429,92,83,3,21,Low
419,33,33,IT,102152,92,94,15,17,High
420,52,34,Finance,128048,66,97,3,47,Low
421,23,24,IT,58458,82,96,14,45,Medium
422,56,23,Sales,66169,2,74,16,31,Medium
423,44,11,IT,27659,53,59,17,26,Medium
424,38,17,Sales,80614,77,63,18,27,Medium
425,47,14,HR,128905,63,91,18,17,High
426,29,15,Finance,97240,39,95,14,58,Medium
427,50,26,Sales,52793,58,79,18,38,Medium
428,47,7,IT,133688,54,90,15,48,Medium
429,31,24,Finance,66473,61,74,15,28,Medium
430,47,16,HR,116762,3,63,6,17,Low
431,55,28,Finance,109388,59,84,15,43,Medium
432,28,7,Sales,117618,74,97,18,7,High
433,25,14,HR,108330,94,83,4,53,Low
434,32,26,IT,126956,95,59,8,30,Medium
435,50,6,HR,138452,90,84,15,33,Medium
436,57,2,HR,75751,29,60,3,6,Low
437,46,28,Marketing,146311,1,60,15,35,Low
438,42,23,HR,98915,61,70,13,17,Medium
439,57,2,HR,74254,48,70,9,59,Low
440,31,19,Finance,27006,8,71,2,37,Low
441,58,14,IT,138171,91,94,8,58,Medium
442,30,24,Finance,136682,30,56,17,8,Medium
443,45,29,Finance,94218,97,66,13,58,Medium
444,56,13,Sales,85344,60,51,1,8,Low
445,56,6,Finance,53840,78,61,2,45,Low
446,57,16,Marketing,52430,47,91,15,7,Medium
447,39,19,Marketing,43091,24,67,12,50,Low
448,53,8,Sales,146053,35,60,14,34,Medium
449,45,21,IT,52983,7,65,2,17,Low
450,44,1,IT,43989,72,98,18,4,High
451,53,23,Finance,95451,57,67,7,13,Low
452,58,7,Finance,128088,44,84,6,27,Low
453,33,10,Finance,38990,61,75,14,29,Medium
454,34,12,IT,110270,38,65,8,3,Low
455,44,16,HR,100360,95,55,2,38,Low
456,46,7,Marketing,139469,57,93,17,19,Medium
457,56,20,HR,56081,80,92,5,24,Medium
458,51,17,HR,31033,98,96,14,27,Medium
459,38,29,IT,128272,82,96,3,11,Medium
460,41,17,HR,36241,63,97,5,1,Medium
461,46,30,Sales,144932,43,91,16,42,Medium
462,43,31,Finance,142451,28,61,18,13,Medium
463,34,10,Sales,25939,58,62,17,21,Medium
464,40,24,Marketing,133000,70,53,11,30,Medium
465,57,32,Finance,67562,91,88,17,22,High
466,33,7,HR,55063,8,51,16,47,Low
467,40,10,Marketing,140373,91,75,2,19,Low
468,33,21,Finance,120000,5,76,4,37,Low
469,30,23,HR,96721,28,76,7,54,Low
470,28,16,Sales,47045,57,64,2,3,Low
471,49,11,Finance,136634,16,57,6,14,Low
472,35,31,HR,64769,15,56,17,23,Medium
473,52,14,Sales,67118,86,96,7,24,Medium
474,40,15,Marketing,104703,94,95,5,0,Medium
475,37,21,Marketing,121948,2,89,5,6,Low
476,26,27,Marketing,41625,20,61,16,56,Medium
477,56,19,Marketing,124724,63,62,19,30,Medium
478,33,32,IT,148557,89,92,9,11,Medium
479,46,9,Finance,47076,35,66,5,41,Low
480,42,31,Finance,142245,85,66,8,4,Medium
481,57,32,IT,84805,61,85,9,43,Medium
482,44,1,HR,64605,41,70,5,49,Low
483,37,32,HR,104565,75,57,10,41,Medium
484,35,32,Marketing,108509,41,54,2,37,Low
485,52,12,Sales,59121,60,75,9,59,Low
486,26,29,HR,85101,12,65,11,11,Low
487,56,32,Sales,51433,10,85,4,38,Low
488,44,12,Finance,63309,53,77,2,17,Low
489,50,25,Sales,87468,15,78,6,1,Low
490,32,21,Finance,64254,7,96,14,9,Medium
491,39,1,IT,87293,58,61,1,14,Low
492,33,25,IT,116258,56,86,18,29,Medium
493,30,14,Marketing,57853,39,79,7,43,Low
494,31,33,HR,58405,58,72,1,57,Low
495,38,10,Marketing,86652,1,65,1,16,Low
496,59,2,Finance,63527,93,63,1,3,Low
497,28,5,Marketing,97227,93,59,4,6,Low
498,34,8,Sales,20492,75,56,4,40,Low
499,30,5,Finance,113418,9,94,18,30,Medium
500,48,8,IT,28811,43,86,11,50,Medium
501,23,30,HR,113344,10,78,1,59,Low
502,26,31,Finance,44272,78,52,10,58,Low
503,50,11,Finance,113935,79,64,9,54,Low
504,58,7,Sales,92010,80,85,4,38,Low
505,59,7,HR,112492,89,96,6,54,Medium
506,40,27,IT,67153,1,95,16,33,Medium
507,29,19,Finance,128042,49,68,2,5,Low
508,22,6,Finance,74110,11,62,18,49,Medium
509,43,10,Sales,33979,89,91,10,37,Medium
510,38,19,Marketing,130059,22,70,17,44,Medium
511,28,15,IT,128101,17,86,13,57,Low
512,46,3,HR,48328,61,76,18,50,Medium
513,25,5,Finance,132911,95,78,13,33,Medium
514,57,21,Finance,32867,61,69,17,43,Medium
515,27,25,IT,79234,37,74,5,14,Low
516,52,2,Marketing,45851,66,55,11,13,Medium
517,40,13,Finance,51279,37,85,7,5,Low
518,48,10,IT,137431,66,51,10,49,Low
519,31,17,Sales,116063,93,71,17,36,Medium
520,47,11,Marketing,93402,60,81,15,49,Medium
521,40,22,HR,35449,0,65,18,31,Medium
522,24,11,Finance,96221,93,67,19,2,High
523,34,12,IT,109080,44,54,2,2,Low
524,49,24,Sales,25451,95,85,4,21,Medium
525,41,18,HR,107178,27,79,3,21,Low
526,49,7,IT,61316,20,94,7,9,Low
527,29,28,IT,83064,12,68,18,50,Medium
528,22,31,HR,83761,26,72,10,2,Medium
529,24,17,Sales,125490,99,83,7,11,Medium
530,34,5,Sales,58870,6,62,8,28,Low
531,49,17,Marketing,116566,21,92,6,47,Low
532,46,18,Finance,143749,73,78,1,16,Low
533,54,21,HR,143765,52,85,4,6,Low
534,59,31,HR,144881,78,71,14,12,Medium
535,27,2,HR,50873,78,96,17,55,Medium
536,53,27,Sales,148389,3,85,18,1,Medium
537,42,9,Finance,78627,95,58,11,3,Medium
538,37,34,Marketing,86155,22,88,14,9,Medium
539,42,28,IT,119186,69,68,9,38,Medium
540,32,14,IT,45372,87,87,15,23,Medium
541,58,32,HR,23642,83,55,12,16,Medium
542,57,6,Finance,149148,83,96,10,51,Medium
543,56,11,Sales,48001,75,64,19,5,Medium
544,40,29,Finance,54064,32,69,19,18,Medium
545,41,20,Finance,114826,27,58,6,4,Low
546,39,30,Sales,34122,7,81,6,31,Low
547,35,23,HR,44820,0,53,8,9,Low
548,36,19,Finance,88431,36,99,1,8,Low
549,52,3,IT,75745,62,67,17,26,Medium
550,22,27,Sales,70081,21,54,17,12,Medium
551,24,19,Marketing,90902,69,69,15,18,Medium
552,37,23,HR,28711,20,72,7,20,Low
553,44,31,Sales,105132,95,60,19,23,High
554,32,33,Marketing,38793,34,86,3,37,Low
555,33,1,Marketing,28199,78,71,11,3,Medium
556,31,14,Finance,96253,4,53,19,23,Medium
557,53,33,Finance,56191,59,78,9,58,Low
558,37,5,Finance,30211,45,93,10,34,Medium
559,29,11,Sales,131086,49,83,2,2,Low
560,59,2,Sales,83069,47,62,1,3,Low
561,33,17,HR,108896,5,91,16,56,Medium
562,45,20,Finance,76746,88,58,18,36,Medium
563,49,14,Marketing,41542,55,91,17,39,Medium
564,29,32,IT,51312,58,80,6,47,Low
565,49,34,HR,65242,28,56,14,53,Low
566,57,25,Sales,121971,70,53,15,34,Medium
567,47,7,HR,113783,76,68,14,30,Medium
568,29,29,HR,145681,17,91,3,55,Low
569,49,22,HR,107893,1,79,19,43,Medium
570,49,13,HR,75388,7,80,12,24,Low
571,58,13,IT,126581,74,84,2,39,Low
572,57,1,Finance,47691,96,70,3,12,Low
573,48,4,Marketing,97960,53,80,18,3,Medium
574,38,13,HR,104388,37,68,1,45,Low
575,30,24,HR,42601,47,80,6,13,Low
576,54,19,HR,138307,26,81,5,12,Low
577,41,1,Finance,38020,19,51,1,26,Low
578,34,5,Sales,28155,11,59,19,5,Medium
579,49,16,Sales,89119,42,51,1,16,Low
580,50,24,IT,101051,60,51,16,35,Medium
581,34,27,Sales,56777,30,73,12,39,Medium
582,56,1,HR,39710,90,66,8,48,Low
583,27,34,HR,128714,95,81,16,34,Medium
584,39,4,HR,44532,60,65,1,16,Low
585,26,0,IT,148727,73,65,4,40,Low
586,46,11,HR,38601,66,95,10,1,Medium
587,23,22,Sales,83227,90,88,11,56,Medium
588,31,30,Finance,24967,34,80,17,12,Medium
589,51,10,Finance,104289,94,92,7,51,Medium
590,26,9,Marketing,40022,14,73,12,1,Medium
591,54,2,Sales,63463,15,50,7,51,Low
592,22,13,HR,94671,12,60,12,27,Low
593,39,15,Finance,25722,34,70,15,42,Medium
594,53,9,Sales,47413,74,53,2,58,Low
595,32,28,Finance,112772,58,56,14,25,Medium
596,42,9,HR,101050,20,75,13,21,Medium
597,47,11,Finance,129432,53,96,4,46,Low
598,46,29,Marketing,122748,74,99,14,42,Medium
599,43,0,Marketing,125922,29,61,14,54,Low
600,48,4,Finance,105867,47,80,16,2,Medium
601,34,19,Sales,103596,34,66,7,34,Low
602,54,7,Sales,86732,85,82,19,59,Medium
603,55,11,Sales,32297,37,60,2,57,Low
604,56,0,Finance,88323,30,77,10,11,Low
605,22,19,Sales,43816,77,81,18,23,High
606,42,27,HR,144341,23,50,17,4,Medium
607,27,11,Marketing,60695,48,96,5,19,Low
608,49,27,HR,39702,95,77,12,38,Medium
609,38,14,Sales,45242,99,91,6,38,Medium
610,26,5,HR,75841,31,56,9,12,Low
611,52,19,Sales,148498,54,51,1,40,Low
612,26,13,Finance,87712,78,91,15,56,Medium
613,59,1,HR,105663,57,73,6,52,Low
614,24,8,Finance,127096,98,53,19,44,Medium
615,44,19,Finance,112764,2,93,18,11,Medium
616,58,25,IT,73574,79,68,6,12,Medium
617,58,28,Sales,105744,68,75,13,55,Medium
618,31,0,Marketing,48482,84,60,1,9,Low
619,31,34,Sales,29171,9,89,13,32,Medium
620,40,5,Marketing,120755,82,99,7,56,Medium
621,38,4,Sales,118932,24,92,15,39,Medium
622,42,32,Finance,128125,67,60,12,53,Medium
623,35,13,HR,126082,60,94,1,15,Low
624,30,11,HR,23696,28,52,15,44,Low
625,22,19,IT,146310,18,61,4,34,Low
626,34,23,Marketing,40058,42,52,13,2,Medium
627,25,33,Marketing,40313,65,91,5,55,Low
628,22,24,Marketing,39149,73,76,2,4,Low
629,53,28,Finance,73521,60,98,1,25,Low
630,55,30,Marketing,65740,42,51,16,10,Medium
631,49,22,HR,126611,24,98,6,6,Low
632,52,19,Finance,24956,19,65,16,52,Medium
633,29,22,Sales,95731,47,51,14,55,Low
634,47,15,Marketing,102612,82,79,3,9,Low
635,55,7,Marketing,137850,86,69,15,41,Medium
636,24,20,Sales,86641,23,87,3,51,Low
637,33,0,Marketing,83811,10,77,2,33,Low
638,22,7,Sales,72160,97,74,1,2,Low
639,26,28,Finance,71313,54,81,9,7,Medium
640,51,31,HR,83232,27,59,9,30,Low
641,51,4,Sales,35417,68,91,7,10,Medium
642,38,21,IT,44729,62,89,3,44,Low
643,44,33,Sales,132492,58,82,18,6,High
644,36,0,Marketing,50099,4,62,11,44,Low
645,58,25,Finance,138387,50,90,7,1,Medium
646,42,9,Finance,118134,20,91,9,5,Low
647,35,29,Sales,49961,11,96,1,40,Low
648,23,17,HR,32602,49,86,14,31,Medium
649,32,16,IT,138474,3,65,6,19,Low
650,59,25,Finance,29256,41,94,7,56,Low
651,55,7,Marketing,106120,83,71,10,33,Medium
652,59,11,Marketing,132516,37,69,7,49,Low
653,55,26,HR,54681,24,99,2,15,Low
654,39,7,Finance,111328,13,92,4,24,Low
655,51,24,Sales,107440,74,76,17,11,Medium
656,36,3,Marketing,84789,31,90,1,6,Low
657,48,32,HR,63361,10,65,10,38,Low
658,55,0,Finance,84503,60,83,19,16,Medium
659,59,18,Finance,54540,17,81,15,44,Medium
660,54,30,Finance,46536,26,75,10,10,Medium
661,45,15,Finance,104700,54,74,19,5,Medium
662,36,13,Finance,83043,53,51,12,22,Medium
663,51,4,Marketing,98532,81,61,16,26,Medium
664,38,25,HR,76575,86,89,9,45,Medium
665,26,27,Finance,147626,74,58,15,5,Medium
666,50,1,IT,22871,20,61,17,37,Medium
667,25,5,IT,66002,43,75,14,1,Medium
668,31,8,HR,69812,4,58,18,21,Medium
669,38,32,Sales,42626,86,59,2,19,Low
670,31,24,Sales,79979,40,81,4,24,Low
671,38,12,Sales,96057,58,83,18,14,Medium
672,41,8,IT,146834,88,97,7,59,Medium
673,45,12,Sales,128946,53,69,13,48,Medium
674,26,30,Marketing,86668,73,88,15,28,Medium
675,55,10,Finance,119003,21,51,1,7,Low
676,27,3,IT,100070,82,50,11,36,Medium
677,23,33,HR,109390,64,85,10,48,Medium
678,34,3,HR,62998,63,73,5,51,Low
679,32,18,Finance,83814,70,76,16,32,Medium
680,44,5,IT,124601,3,51,11,21,Low
681,37,33,Sales,65607,64,80,6,49,Low
682,52,17,Sales,27812,14,63,9,46,Low
683,32,12,Marketing,81844,75,51,13,4,Medium
684,37,22,Marketing,90093,21,78,8,38,Low
685,29,18,Sales,22179,85,64,14,17,Medium
686,25,10,HR,63798,46,61,1,37,Low
687,25,0,HR,94601,80,86,17,53,Medium
688,46,23,Marketing,28275,92,77,5,52,Low
689,24,6,Finance,70574,45,69,2,36,Low
690,53,24,Sales,67857,13,88,9,29,Low
691,24,20,Marketing,145555,49,73,4,50,Low
692,48,14,Marketing,121484,19,70,17,30,Medium
693,50,0,Sales,40700,49,59,17,9,Medium
694,53,11,Sales,146855,32,95,18,14,Medium
695,40,6,HR,59464,58,63,16,41,Medium
696,42,14,Finance,62351,42,86,8,58,Low
697,26,20,Finance,113330,78,67,11,47,Medium
698,39,18,Sales,114319,11,73,18,43,Medium
699,49,28,IT,102534,39,63,10,17,Low
700,43,24,Marketing,33869,19,83,13,22,Medium
701,42,32,Marketing,80315,93,61,17,32,Medium
702,27,31,Sales,130061,37,71,18,15,Medium
703,22,34,IT,113688,2,55,10,53,Low
704,26,25,HR,40954,27,85,16,37,Medium
705,33,10,Sales,51555,55,94,5,34,Low
706,47,34,Sales,83353,89,85,13,33,Medium
707,55,7,Marketing,102190,93,71,18,27,Medium
708,35,13,Sales,65026,12,63,17,1,Medium
709,47,9,Sales,120772,76,65,9,29,Medium
710,48,1,Sales,66976,65,85,14,12,Medium
711,30,8,Marketing,100578,36,74,17,40,Medium
712,47,2,HR,111502,48,81,4,15,Low
713,43,20,HR,133943,65,82,18,58,Medium
714,51,25,Sales,129850,35,94,15,4,Medium
715,38,7,Marketing,65095,53,85,11,54,Medium
716,47,1,HR,34270,25,69,12,27,Low
717,57,5,HR,50908,74,67,9,52,Low
718,22,27,HR,35523,71,87,13,38,Medium
719,29,28,Marketing,82433,39,52,15,44,Medium
720,56,25,Marketing,67068,42,72,15,19,Medium
721,36,24,Sales,39991,21,81,5,23,Low
722,43,11,Finance,30775,19,94,19,26,Medium
723,35,4,HR,97801,7,65,14,29,Low
724,47,33,Finance,104995,28,54,17,57,Medium
725,49,14,Marketing,81250,39,53,18,44,Medium
726,44,14,Marketing,36673,89,70,3,26,Low
727,35,22,Marketing,142808,29,89,2,25,Low
728,45,5,Finance,47056,80,63,1,6,Low
729,23,20,Marketing,26614,83,88,10,41,Medium
730,47,22,Sales,121556,54,80,19,46,Medium
731,35,15,Marketing,27415,15,63,17,52,Medium
732,28,14,IT,108691,45,55,12,58,Low
733,24,24,Finance,134966,61,61,1,37,Low
734,44,10,IT,63884,6,65,12,4,Low
735,39,14,Marketing,36964,79,66,17,22,Medium
736,59,3,Sales,57726,44,94,3,27,Low
737,56,20,HR,143133,58,72,11,33,Medium
738,36,12,Marketing,57044,55,63,17,52,Medium
739,46,21,Sales,77149,47,56,3,14,Low
740,58,18,Finance,57544,26,95,8,31,Low
741,49,33,IT,69976,52,81,4,25,Low
742,31,13,IT,52252,86,64,7,47,Low
743,38,3,IT,23832,87,93,14,30,Medium
744,43,26,Finance,110811,72,66,14,18,Medium
745,47,28,Sales,100437,34,90,4,8,Low
746,46,27,Finance,123749,50,96,16,28,Medium
747,38,34,IT,54148,83,93,1,53,Low
748,34,7,Marketing,81240,36,83,17,57,Medium
749,41,15,HR,128169,80,54,10,50,Low
750,46,29,Finance,145607,94,94,16,38,High
751,25,17,Finance,108454,56,76,16,3,Medium
752,31,1,Sales,132230,7,72,8,2,Low
753,24,12,Sales,148933,78,89,7,55,Low
754,39,3,Finance,105076,94,63,6,28,Low
755,57,25,IT,97116,93,64,16,51,Medium
756,43,24,HR,73459,19,92,16,10,Medium
757,55,29,Sales,58402,52,82,7,32,Low
758,29,10,IT,77727,11,80,9,37,Low
759,40,6,Marketing,58578,48,84,14,57,Medium
760,58,30,Sales,110453,16,66,11,10,Low
761,27,9,IT,42318,63,77,14,26,Medium
762,47,12,IT,95715,41,68,7,32,Low
763,55,30,HR,97787,93,95,1,20,Low
764,27,6,HR,131435,28,72,13,38,Low
765,58,19,Marketing,105029,18,81,3,30,Low
766,54,3,IT,40466,10,89,4,37,Low
767,43,6,IT,115742,97,62,11,45,Medium
768,42,0,HR,65475,49,69,2,1,Low
769,27,12,Sales,80142,70,84,14,26,Medium
770,27,21,Sales,105160,57,54,12,35,Medium
771,25,20,Finance,46564,33,58,17,10,Medium
772,51,21,HR,42412,19,78,12,46,Low
773,32,27,Finance,113526,49,55,12,17,Medium
774,51,8,HR,71001,87,74,1,58,Low
775,52,25,Marketing,77649,9,80,13,0,Medium
776,45,8,IT,80957,31,71,14,34,Medium
777,30,14,Marketing,55517,51,51,2,34,Low
778,24,9,HR,33156,14,94,12,30,Medium
779,52,23,IT,43064,83,54,16,27,Medium
780,58,7,Sales,45711,2,76,4,38,Low
781,57,23,Sales,50106,36,74,8,0,Low
782,45,15,Finance,85458,39,57,2,24,Low
783,52,25,HR,36589,71,50,10,42,Low
784,27,26,HR,109272,39,69,9,37,Low
785,23,3,Sales,106511,55,93,15,19,Medium
786,41,23,Marketing,121754,22,72,13,2,Medium
787,49,18,IT,27214,10,81,17,50,Medium
788,32,9,Marketing,116117,63,60,16,1,Medium
789,25,24,Marketing,105731,7,88,2,17,Low
790,36,17,Sales,130118,92,96,14,43,Medium
791,27,18,Sales,146479,93,73,3,9,Low
792,51,9,Sales,47127,55,60,12,4,Medium
793,59,32,Finance,25141,59,78,8,8,Medium
794,23,4,Marketing,48884,9,75,2,1,Low
795,36,34,HR,110421,38,65,4,33,Low
796,32,33,IT,22708,27,84,14,59,Medium
797,29,32,Finance,38375,48,69,16,37,Medium
798,47,20,HR,35088,35,95,19,30,Medium
799,26,16,Marketing,77615,12,52,2,9,Low
800,27,21,Sales,130138,95,50,12,49,Medium
801,47,14,Marketing,65046,35,96,14,11,Medium
802,25,34,IT,30014,25,50,6,35,Low
803,40,27,Finance,84425,85,66,13,53,Medium
804,41,6,Finance,23273,3,51,4,20,Low
805,54,31,IT,67135,94,78,18,48,High
806,41,10,HR,122842,81,69,12,46,Medium
807,33,9,HR,50881,63,55,19,5,Medium
808,22,8,Finance,117022,37,57,8,47,Low
809,47,13,Finance,98077,87,78,7,48,Low
810,35,12,Sales,28712,86,97,16,2,High
811,59,24,HR,94704,21,82,19,9,Medium
812,58,1,IT,72874,1,52,6,4,Low
813,32,34,HR,89087,30,84,11,45,Medium
814,57,6,Sales,32297,10,54,5,25,Low
815,34,20,Finance,129269,91,76,16,20,Medium
816,24,17,Finance,47128,45,93,7,44,Low
817,54,2,Sales,88368,95,61,5,25,Low
818,27,10,IT,114019,61,69,11,37,Medium
819,31,23,Finance,107599,68,94,15,43,Medium
820,26,18,Marketing,108499,63,69,3,25,Low
821,44,3,Finance,98958,9,58,5,7,Low
822,31,25,Marketing,52920,39,88,5,4,Low
823,23,31,Sales,140442,23,53,9,14,Low
824,34,32,Sales,31156,98,68,15,58,Medium
825,23,2,Finance,31108,43,87,3,15,Low
826,41,8,HR,51845,59,76,6,0,Low
827,22,7,Marketing,22800,61,94,17,15,Medium
828,58,32,IT,148832,86,92,8,36,Medium
829,30,5,Finance,123614,16,62,11,2,Low
830,38,3,IT,62712,64,62,6,51,Low
831,30,12,Finance,22610,94,71,8,46,Medium
832,32,1,HR,97603,94,77,10,30,Medium
833,36,4,HR,53872,56,96,3,12,Low
834,45,26,HR,30728,54,94,14,55,Medium
835,59,31,HR,115102,52,71,14,15,Medium
836,56,20,Sales,115319,55,92,10,54,Medium
837,51,7,Sales,142049,97,68,12,42,Medium
838,52,7,Marketing,40583,8,57,6,20,Low
839,26,2,IT,105774,21,57,12,1,Low
840,35,2,Finance,27263,12,91,14,53,Medium
841,32,21,Finance,146374,88,75,2,26,Low
842,30,5,Sales,87450,47,97,9,37,Medium
843,55,1,Finance,109285,17,75,10,25,Low
844,33,22,Sales,39456,75,72,17,57,Medium
845,56,1,Marketing,111118,39,92,17,58,Medium
846,56,16,IT,85942,16,62,3,37,Low
847,22,34,Marketing,33689,14,77,19,45,Medium
848,43,33,HR,52934,14,58,1,24,Low
849,50,22,HR,53276,78,69,12,10,Medium
850,29,29,HR,136349,62,68,7,7,Medium
851,32,7,Marketing,149336,38,97,4,7,Low
852,58,21,Finance,121968,12,88,10,32,Low
853,35,4,IT,39873,80,61,13,52,Medium
854,51,12,HR,33050,31,64,2,6,Low
855,56,28,HR,86216,8,80,10,37,Low
856,42,30,HR,104444,39,63,4,20,Low
857,58,15,IT,104040,19,60,18,7,Medium
858,26,29,HR,41644,89,75,5,50,Low
859,40,15,IT,82021,90,91,19,53,High
860,35,11,HR,57125,84,76,2,20,Low
861,47,16,Marketing,86899,81,60,12,55,Medium
862,25,15,Marketing,62291,76,87,17,19,Medium
863,46,11,IT,55060,79,83,10,7,Medium
864,46,7,Marketing,21538,72,92,2,57,Low
865,39,19,IT,56176,62,68,6,45,Low
866,29,2,Marketing,142430,75,55,8,30,Low
867,35,15,Marketing,61520,43,95,19,49,Medium
868,53,29,IT,45675,37,87,11,56,Medium
869,59,22,Finance,38287,82,98,12,28,Medium
870,54,27,Marketing,20174,59,91,9,47,Medium
871,44,4,HR,112268,70,77,2,8,Low
872,36,19,Finance,54998,98,50,8,14,Medium
873,54,0,IT,122591,47,84,11,29,Medium
874,46,29,Finance,73312,17,89,4,25,Low
875,38,20,Sales,32112,15,57,10,9,Low
876,54,19,Sales,125410,54,96,16,28,Medium
877,23,5,Marketing,95225,38,56,8,53,Low
878,35,21,Marketing,64814,67,60,4,15,Low
879,27,17,HR,105091,58,88,10,35,Medium
880,27,7,Finance,70719,88,53,12,19,Medium
881,24,31,Sales,149887,95,74,14,44,Medium
882,28,32,Marketing,53919,61,61,16,53,Medium
883,29,15,Finance,93155,12,75,18,36,Medium
884,36,11,Marketing,91569,80,87,12,21,Medium
885,50,33,Marketing,61328,5,95,18,6,Medium
886,54,13,Sales,90482,82,61,7,22,Low
887,51,32,Sales,44618,76,92,7,40,Medium
888,48,22,Marketing,54675,59,86,9,39,Medium
889,57,1,IT,121794,89,95,1,28,Low
890,50,20,Marketing,38919,13,73,6,15,Low
891,59,1,Marketing,24173,94,65,6,37,Low
892,54,26,HR,129369,53,62,12,27,Medium
893,58,8,HR,46400,3,74,12,47,Low
894,48,0,HR,70445,38,53,10,37,Low
895,54,10,IT,90305,71,60,6,30,Low
896,25,2,IT,57564,24,81,17,13,Medium
897,43,22,Marketing,65814,76,98,19,52,High
898,23,25,HR,99747,31,56,18,32,Medium
899,31,3,IT,108791,58,95,6,56,Low
900,26,17,Sales,47962,62,60,19,8,Medium
901,31,5,Marketing,104892,37,77,10,56,Low
902,54,34,Finance,105842,91,90,8,26,Medium
903,59,21,Marketing,90533,52,72,6,23,Low
904,34,14,Finance,76184,93,94,7,12,Medium
905,52,21,HR,102912,66,72,1,25,Low
906,57,11,Finance,126416,27,99,18,28,Medium
907,45,17,HR,123591,2,77,12,50,Low
908,36,34,Sales,30578,97,92,16,48,High
909,50,29,Finance,38624,79,96,10,42,Medium
910,29,23,Marketing,136164,21,75,10,27,Low
911,26,29,HR,59194,95,74,14,27,Medium
912,50,13,Marketing,129903,37,78,10,7,Medium
913,25,5,IT,20389,71,68,10,22,Medium
914,33,2,HR,119303,71,82,11,28,Medium
915,23,15,Finance,131116,61,85,2,4,Low
916,48,6,HR,133903,56,63,8,41,Low
917,52,13,Marketing,87391,5,63,7,6,Low
918,57,8,Sales,126429,77,84,8,41,Medium
919,57,14,HR,33794,31,79,1,35,Low
920,47,20,Finance,78002,98,77,2,40,Low
921,48,34,IT,55531,9,66,18,26,Medium
922,26,1,Sales,72815,2,52,15,57,Low
923,41,26,IT,24986,58,65,1,45,Low
924,32,1,HR,52298,75,95,5,1,Medium
925,31,34,Marketing,21481,48,79,2,24,Low
926,59,17,Marketing,76408,58,78,3,8,Low
927,27,13,Finance,89267,30,94,19,52,Medium
928,29,19,Marketing,141950,92,64,18,26,Medium
929,44,17,Sales,36835,68,95,18,0,High
930,47,9,Marketing,145355,61,74,14,22,Medium
931,33,24,Finance,47798,51,87,8,9,Medium
932,47,1,HR,111649,88,91,12,41,Medium
933,34,24,HR,84887,40,96,10,51,Medium
934,39,32,Marketing,39477,30,87,17,24,Medium
935,46,30,IT,37266,84,72,11,53,Medium
936,54,13,HR,106328,83,74,2,2,Low
937,33,0,Marketing,105988,21,91,4,5,Low
938,57,15,Finance,147815,3,56,1,57,Low
939,25,2,Marketing,63526,12,71,15,5,Medium
940,26,34,HR,137965,44,66,13,52,Medium
941,58,5,Finance,134615,41,67,8,1,Low
942,29,24,Marketing,126870,48,98,4,57,Low
943,49,12,Sales,147426,19,90,10,57,Low
944,52,33,Finance,31889,76,59,19,17,Medium
945,30,7,Sales,44335,80,59,18,22,Medium
946,50,20,IT,31254,53,56,5,1,Low
947,35,33,Finance,106610,35,97,19,11,High
948,43,3,Sales,31442,96,99,16,21,High
949,32,24,HR,66289,0,87,1,36,Low
950,44,14,HR,73747,14,76,12,19,Low
951,22,3,IT,57327,76,82,2,38,Low
952,58,11,Finance,36199,16,50,8,23,Low
953,42,31,Finance,92827,23,93,18,47,Medium
954,47,31,Finance,126464,57,83,16,19,Medium
955,57,27,IT,20112,71,53,5,0,Low
956,44,12,Finance,107051,90,66,13,0,Medium
957,22,30,HR,39581,22,53,19,16,Medium
958,36,13,Sales,134228,45,92,3,58,Low
959,42,19,HR,79722,71,75,8,0,Medium
960,30,17,HR,112036,7,53,12,52,Low
961,30,28,Sales,117562,58,50,2,51,Low
962,31,5,HR,36523,89,56,11,44,Medium
963,47,31,IT,86960,58,79,12,29,Medium
964,56,28,Sales,137637,12,99,18,40,Medium
965,46,1,HR,39552,38,58,13,46,Low
966,47,22,Marketing,143396,27,84,5,2,Low
967,32,18,HR,30808,88,57,12,45,Medium
968,59,30,IT,124347,60,73,2,54,Low
969,23,4,Finance,92525,15,68,5,10,Low
970,28,18,HR,43620,1,85,7,23,Low
971,39,33,Finance,124565,81,99,12,21,Medium
972,48,9,Marketing,20887,16,92,16,43,Medium
973,55,24,HR,51802,29,76,8,44,Low
974,48,1,Sales,105024,12,81,9,25,Low
975,38,10,Finance,115549,95,63,15,12,Medium
976,45,30,Marketing,134737,92,67,5,0,Medium
977,46,14,Sales,138639,93,77,13,23,Medium
978,28,8,Sales,138248,81,78,5,9,Medium
979,27,22,Sales,101938,12,65,11,34,Low
980,45,18,Sales,106741,42,84,10,23,Medium
981,54,8,HR,141028,84,96,13,27,Medium
982,50,34,HR,142746,93,80,9,35,Medium
983,43,20,HR,46049,20,53,14,15,Low
984,47,8,Marketing,97789,54,86,18,39,Medium
985,49,27,Marketing,104526,80,66,15,15,Medium
986,42,6,Marketing,27846,39,88,10,58,Low
987,28,15,IT,110563,82,97,7,16,Medium
988,38,15,Marketing,124736,14,95,8,50,Low
989,41,32,HR,66220,72,75,3,53,Low
990,41,3,HR,66163,51,97,15,14,Medium
991,43,3,IT,23765,73,88,16,15,Medium
992,49,16,IT,137126,94,90,4,14,Medium
993,28,28,Marketing,101486,52,53,6,56,Low
994,22,34,Finance,65270,86,79,1,33,Low
995,53,6,IT,95277,51,79,4,10,Low
996,34,26,Sales,108278,29,71,11,0,Medium
997,51,27,HR,146354,32,60,12,14,Medium
998,44,21,Sales,110239,56,51,5,25,Low
999,40,13,HR,124245,51,93,16,50,Medium
1000,53,6,HR,142332,8,61,13,3,Low
